run,TotalPercentChange,,,
1,0,,,
1,0.148701874782333,,,
1,0.508262585689955,,,
1,0.304768121438501,,,
1,-0.731743037122587,,,
1,0.950862496027751,,,
1,-1.08207162501564,,,
1,0.452728359302425,,,
1,1.48398842459559,,,
1,-0.562030595997278,,,
1,0.00749899474178671,,,
1,-0.884498059275159,,,
1,0.375338273776308,,,
1,0.0229153193245265,,,
1,-1.76161586003682,,,
1,0.432576607132769,,,
1,1.97209137302685,,,
1,2.30068915924479,,,
1,-3.78907818745123,,,
1,2.16216785448239,,,
1,-1.42694608422832,,,
1,1.68384344740035,,,
1,-2.26730514342236,,,
1,1.92231489253783,,,
1,1.31173590584731,,,
1,-3.14741787082327,,,
1,1.18028023398381,,,
1,-0.284630933037348,,,
1,0.183466345013487,,,
1,0.481210604969882,,,
1,0.179419134109962,,,
1,-0.477374878078297,,,
1,0.204897465150991,,,
1,0.203366251679967,,,
1,0.201846003613706,,,
1,1.05036935615567,,,
1,1.63900294925143,,,
1,-0.061594017596045,,,
1,-0.786915138732082,,,
1,-0.775540985294525,,,
1,0.209039660685218,,,
1,0.207638994740922,,,
1,0.680073905693721,,,
1,0.465815138990158,,,
1,-0.527183172712382,,,
1,0.202122472758968,,,
1,2.8825908519855,,,
1,-0.52968951167988,,,
1,-0.30227345825503,,,
1,0.532528578388397,,,
1,-1.47858927007103,,,
1,2.08591539915628,,,
1,-0.134641001908192,,,
1,1.14804387972129,,,
1,-3.56655679849355,,,
1,1.01485326447728,,,
1,0.737302355987852,,,
1,-0.612593208435274,,,
1,1.93466360482779,,,
1,-3.75602177047791,,,
1,0.208918955698958,,,
1,0.207550162448813,,,
1,0.206187489448884,,,
1,1.44172794578845,,,
1,-2.37668288400112,,,
1,0.200660732776005,,,
1,0.199383851423402,,,
1,2.62851610828436,,,
1,-2.175698968359,,,
1,2.56046005076434,,,
1,-2.10237001027255,,,
1,0.206488938098796,,,
1,6.06485259057552,,,
1,-5.33094038814565,,,
1,3.03405664801005,,,
1,-2.55104701416192,,,
1,2.75460476977052,,,
1,-2.29041728909235,,,
1,-0.0123765808394454,,,
1,0.197276876259238,,,
1,2.3276768510042,,,
1,1.67305685265065,,,
1,-4.03655434089683,,,
1,2.94536042240067,,,
1,-2.48801138288823,,,
1,3.41022367576176,,,
1,-2.9299475744569,,,
1,2.45716316884375,,,
1,-0.464177105872334,,,
1,-1.39016235120629,,,
1,3.33732595256578,,,
1,-2.87047436826419,,,
1,0.183901804455634,,,
1,0.182985910902351,,,
1,0.182072500531669,,,
1,0.181161541049294,,,
1,1.77433830942528,,,
1,4.92551676150724,,,
1,-1.46860251110489,,,
1,-4.25165609398457,,,
1,6.74538787431434,,,
1,-5.96188232065292,,,
1,0.189341347234579,,,
1,-1.88335424368314,,,
1,0.136542695829182,,,
1,0.183099299547799,,,
1,0.182134769738523,,,
1,0.181211153854226,,,
1,0.180316674986061,,,
1,0.179424555579127,,,
1,0.178534764889613,,,
1,3.52182929163324,,,
1,-3.04385067492806,,,
1,0.191215683811591,,,
1,0.190355678141128,,,
1,1.25228786114011,,,
1,-0.8629698530043,,,
1,0.187790936767921,,,
1,0.186941016765565,,,
1,0.186098110155267,,,
1,1.82246083168359,,,
1,1.86064710743951,,,
1,-3.04914343808799,,,
1,3.18736670967067,,,
1,-0.725704325049347,,,
1,1.21759821789827,,,
1,-1.24644300906598,,,
1,-1.44893543643629,,,
1,0.179098675388245,,,
1,3.92783029844281,,,
1,-3.43543769981708,,,
1,0.177733569512604,,,
1,-0.0629090481178362,,,
1,4.72497645850162,,,
1,-4.43302837875597,,,
1,4.95683335804932,,,
1,-4.91369078272032,,,
1,0.181851461111347,,,
1,4.64117152861662,,,
1,-4.08931827713193,,,
1,0.238783101980387,,,
1,-5.44643648914577,,,
1,0.168433046952327,,,
1,0.167663393010273,,,
1,0.166895514815628,,,
1,0.166129389595998,,,
1,0.165364994723295,,,
1,0.164602307711452,,,
1,0.163885036829753,,,
1,0.163186019080025,,,
1,0.162488550092509,,,
1,0.161792610867647,,,
1,0.161098182520607,,,
1,0.16040524627953,,,
1,3.8931947001036,,,
1,-3.55044928621413,,,
1,0.16396142707048,,,
1,0.163269089870411,,,
1,3.49292821749466,,,
1,-3.05295911584941,,,
1,0.169301866073639,,,
1,0.168552297906666,,,
1,0.167804493438793,,,
1,0.167058430860139,,,
1,0.166314088500925,,,
1,0.165571444829105,,,
1,0.164830478448475,,,
1,4.03696763839986,,,
1,-3.55082964626489,,,
1,5.00917872188618,,,
1,-4.4334341878121,,,
1,-2.06550374187456,,,
1,0.171079205346938,,,
1,0.170416799082984,,,
1,8.21784153803721,,,
1,-6.21414600023553,,,
1,5.2081595192655,,,
1,-5.70945079963135,,,
1,0.17115671725602,,,
1,0.170434690142828,,,
1,0.169714424516161,,,
1,4.18244439887744,,,
1,0.906428029939173,,,
1,-4.39528512862096,,,
1,0.166994677807721,,,
1,0.166319830882836,,,
1,5.39216236112334,,,
1,-4.79913507490622,,,
1,3.9165529287699,,,
1,-3.44765109877043,,,
1,0.165615034408089,,,
1,0.164921276589638,,,
1,0.164245407573337,,,
1,0.163571075266006,,,
1,0.162898261678189,,,
1,7.15698338882684,,,
1,-6.36912033906408,,,
1,-2.20786170713309,,,
1,4.29410564224236,,,
1,0.992176558303472,,,
1,-2.56210168782858,,,
1,-1.92997894850093,,,
1,0.160293369812557,,,
1,0.159636237506939,,,
1,0.158980507799978,,,
1,7.15308260370693,,,
1,-9.19138114885744,,,
1,7.71462456277173,,,
1,-3.95403992947917,,,
1,-2.8648969703008,,,
1,0.166732438501479,,,
1,0.165883600013144,,,
1,0.165036622807089,,,
1,0.164214445739805,,,
1,0.163414323130883,,,
1,0.162618292420815,,,
1,0.161848182252133,,,
1,0.161079698294155,,,
1,0.160312818136871,,,
1,13.9965187586022,,,
1,-11.9962929830362,,,
1,8.35748234148221,,,
1,-7.41295184128174,,,
1,0.164317983660204,,,
1,0.163491969761609,,,
1,-4.35753349886588,,,
1,0.153740411624262,,,
1,8.27930530206053,,,
1,-7.36359776263014,,,
1,0.151217355629065,,,
1,-0.694888750400915,,,
1,0.147978133091162,,,
1,0.14718174184716,,,
1,1.86563834966559,,,
1,-1.54458829449156,,,
1,0.144840848246689,,,
1,8.92471599533636,,,
1,-7.92855917996824,,,
1,0.142556076444724,,,
1,0.141796736461396,,,
3,0,,,
3,0.444085524061006,,,
3,-0.275682492244529,,,
3,0.493961362572119,,,
3,-0.875705498115416,,,
3,1.87046259570135,,,
3,-0.137371045322049,,,
3,-0.460720472198946,,,
3,2.15564425356835,,,
3,-0.502214392498405,,,
3,0.324008145714558,,,
3,1.53432127614508,,,
3,-1.40197428326938,,,
3,-0.601791224886783,,,
3,-1.23236638827633,,,
3,0.545760781807816,,,
3,1.5829081383902,,,
3,-5.44450545913306,,,
3,2.9873799873734,,,
3,-1.57898497704871,,,
3,-0.690816003772567,,,
3,3.02793968265452,,,
3,-0.80426111770435,,,
3,0.753017248451796,,,
3,-2.04178543479927,,,
3,-0.389315560942964,,,
3,0.122971206594535,,,
3,-2.80353987021008,,,
3,-1.28174278961946,,,
3,1.34273681522093,,,
3,-0.895516050075823,,,
3,0.244802727209537,,,
3,1.26665348644144,,,
3,2.32147748750559,,,
3,-1.56899937690643,,,
3,2.68302789767916,,,
3,-3.27835443192792,,,
3,1.56722339843771,,,
3,1.14008283537267,,,
3,-2.72485140985808,,,
3,0.832363008698388,,,
3,1.36428821191022,,,
3,-1.38631933258163,,,
3,1.99054961284805,,,
3,0.144454046744129,,,
3,-0.67276727204765,,,
3,-2.32190352488614,,,
3,0.271201038732993,,,
3,-0.560050863522086,,,
3,3.51665765188766,,,
3,-2.87990188526286,,,
3,3.80312880215285,,,
3,-0.174752495333413,,,
3,-2.71992179537557,,,
3,-0.814222004688677,,,
3,0.264778407202945,,,
3,1.15296774177807,,,
3,-0.618286973120507,,,
3,0.262128539768768,,,
3,-0.180180145503839,,,
3,2.85508133091421,,,
3,-3.15250260422346,,,
3,0.0904127696587272,,,
3,-1.14267995300187,,,
3,-1.83599041073373,,,
3,1.49472510155889,,,
3,-3.62786651493566,,,
3,0.239204318502879,,,
3,0.237305115046134,,,
3,-0.0809862286685983,,,
3,-0.0243033852706339,,,
3,-1.53232325123833,,,
3,5.75709824360598,,,
3,-3.65874449011845,,,
3,3.17066830618506,,,
3,-2.35374365297864,,,
3,2.14705283567856,,,
3,-3.51267193490918,,,
3,3.21945329768604,,,
3,0.796168948744175,,,
3,-3.17016236969134,,,
3,0.251753727206914,,,
3,2.04562911922991,,,
3,-1.51654599420785,,,
3,1.70723244919214,,,
3,-1.83654428542502,,,
3,0.241084761011283,,,
3,1.62183400643894,,,
3,-1.12646591187389,,,
3,0.235581193739706,,,
3,2.47181675831226,,,
3,-1.9548084651608,,,
3,2.56986175953471,,,
3,1.70245465765411,,,
3,-3.4634163516934,,,
3,0.236255222019434,,,
3,4.86492587106215,,,
3,-4.19196715983718,,,
3,4.47816829842465,,,
3,-3.83738360183066,,,
3,0.234197799328896,,,
3,0.232398849718952,,,
3,0.23065320983328,,,
3,0.228930590919425,,,
3,0.227214620212411,,,
3,0.225505186920343,,,
3,-1.77411827771316,,,
3,0.219843114272591,,,
3,2.55936083785812,,,
3,-2.07114370276551,,,
3,-0.0245755147281977,,,
3,5.97945416279577,,,
3,-3.13378807218268,,,
3,-2.80615539724673,,,
3,2.46339353467686,,,
3,-1.96534766432187,,,
3,1.23847911805365,,,
3,-0.786049575187884,,,
3,4.86588895947034,,,
3,-4.21522278455447,,,
3,0.224011078166035,,,
3,4.1611615263419,,,
3,-3.56630021867332,,,
3,0.221523936709395,,,
3,0.219805188522809,,,
3,2.62431803504204,,,
3,2.40486200808605,,,
3,0.29374510346884,,,
3,-0.21948019367567,,,
3,-5.11917884844948,,,
3,0.233137620663116,,,
3,0.0202000038951798,,,
3,-2.71213732219963,,,
3,-4.0798715092081,,,
3,7.1649410513984,,,
3,3.45317972568251,,,
3,-9.18919638043554,,,
3,3.78164586720713,,,
3,-3.18949650902561,,,
3,0.232653367554762,,,
3,3.26679759575915,,,
3,-4.45571620742176,,,
3,4.93911207610702,,,
3,-4.2432508316553,,,
3,0.243408225969539,,,
3,0.241575105428492,,,
3,0.23974970601586,,,
3,0.237931900419488,,,
3,0.23612156279618,,,
3,2.05562492459771,,,
3,-3.52351543501851,,,
3,0.228631514181386,,,
3,0.226882235473512,,,
3,0.225139593838623,,,
3,0.223403475930237,,,
3,5.60893359440062,,,
3,-4.89191973669507,,,
3,0.218233148941789,,,
3,0.216522016088018,,,
3,-3.76516287236702,,,
3,0.208182622440569,,,
3,0.206584366550429,,,
3,0.204991244595817,,,
3,0.203403164374156,,,
3,6.7979044900989,,,
3,-5.98768201266051,,,
3,3.77441304501251,,,
3,-1.03082635884081,,,
3,-2.05649155894018,,,
3,0.193975500164207,,,
3,0.192438164494384,,,
3,0.190919035175576,,,
3,0.18940407889096,,,
3,0.187923155922516,,,
3,0.186511432677914,,,
3,4.88453755868315,,,
3,1.20294066943999,,,
3,-5.2698725377461,,,
3,3.72625716506129,,,
3,-3.22977911275701,,,
3,5.20116745063777,,,
3,-4.57838327787834,,,
3,0.189723524463839,,,
3,0.188298015706628,,,
3,0.186892389855701,,,
3,0.185582872886788,,,
3,0.184276802876341,,,
3,0.18297411839557,,,
3,0.181674758480547,,,
3,0.180378662622323,,,
3,0.179085770757262,,,
3,0.177796023257644,,,
3,0.176509360922234,,,
3,0.175263128884379,,,
3,0.174066232918756,,,
3,0.172872091702923,,,
3,0.17168065433828,,,
3,0.170491870265254,,,
3,6.34800214619926,,,
3,0.638305942697828,,,
3,-7.61413545659285,,,
3,0.162904385929237,,,
3,0.161738444058924,,,
3,7.38323703798762,,,
3,-6.57672087595428,,,
3,0.158301065714927,,,
3,0.157224348512886,,,
3,0.156181868487927,,,
3,0.155168592025328,,,
3,7.98340882609269,,,
3,-7.10763914332457,,,
3,3.18748493064002,,,
3,-2.79479368076947,,,
3,0.150227284830217,,,
3,0.14933073263158,,,
3,0.148435626905664,,,
3,0.147541939076818,,,
3,0.146649640702068,,,
3,15.9115559803436,,,
3,-10.2357482143084,,,
3,-3.46890981450702,,,
3,0.143191485046027,,,
3,0.142438578263534,,,
3,3.89011778989253,,,
3,-3.46232487234891,,,
3,0.149861955706316,,,
3,0.149078307399552,,,
3,0.14829596730602,,,
3,0.147514913047411,,,
3,0.1467351223516,,,
3,0.145956573050509,,,
3,5.5823937395638,,,
3,-5.00019750882123,,,
3,4.68946852763248,,,
3,-0.208568474496136,,,
3,-3.83347130941199,,,
3,-2.24421882669745,,,
3,0.148457956494949,,,
3,0.147734668535767,,,
3,3.18235822860152,,,
5,0,,,
5,-0.0422437260727712,,,
5,0.197895788913368,,,
5,-0.248342082877615,,,
5,0.766292469915813,,,
5,0.198490192786724,,,
5,-0.994747211760727,,,
5,1.54373562079133,,,
5,0.125694051126797,,,
5,-1.05313886401146,,,
5,0.817772134361976,,,
5,-0.246834164880059,,,
5,-0.369421872467561,,,
5,0.219440994445353,,,
5,-0.848017377174624,,,
5,0.391028014788615,,,
5,1.22460420892098,,,
5,0.46581926136745,,,
5,-2.00172758145759,,,
5,2.45367368659735,,,
5,-1.3355355020058,,,
5,-1.6890256814569,,,
5,1.88397291325231,,,
5,-1.28627369539497,,,
5,-0.49335092949018,,,
5,-0.552362021314682,,,
5,0.251739907374048,,,
5,4.29557234484355,,,
5,-4.33582274001048,,,
5,0.129472003520752,,,
5,1.39896500481402,,,
5,0.976120459765668,,,
5,-1.93536850720332,,,
5,1.5033805262889,,,
5,-0.0614540197044544,,,
5,-0.928377544773319,,,
5,0.0677461430352621,,,
5,2.76776605905335,,,
5,-2.15518455538458,,,
5,-1.32495592756124,,,
5,0.150807257026712,,,
5,1.20145284266075,,,
5,-0.891714079980111,,,
5,3.27432109470268,,,
5,2.02972395720945,,,
5,-4.4516066657793,,,
5,0.364329502520547,,,
5,5.00986182918477,,,
5,-3.67262211677097,,,
5,-0.0666130384502424,,,
5,0.669775769113014,,,
5,-0.40119954445431,,,
5,-0.535518401223824,,,
5,0.195197162425964,,,
5,0.193831266738912,,,
5,3.08946616264382,,,
5,-0.539391473344022,,,
5,-0.00635124782604433,,,
5,-1.69863236278488,,,
5,0.197790812315657,,,
5,1.7423857420081,,,
5,-0.133590522243049,,,
5,-0.989716505330475,,,
5,2.29474116595327,,,
5,-1.85338505006446,,,
5,0.197562235043905,,,
5,2.02575133940523,,,
5,-3.18268373945698,,,
5,2.16348362201832,,,
5,-0.851664536878043,,,
5,1.57999540757695,,,
5,2.29986733746663,,,
5,-3.64537243387218,,,
5,-0.229160023595101,,,
5,0.524725114006417,,,
5,1.51085268582685,,,
5,-3.80342224716336,,,
5,2.68486662685915,,,
5,-2.21639595647215,,,
5,0.202485212775587,,,
5,0.201329586519625,,,
5,0.20017762939316,,,
5,0.199029290302232,,,
5,0.197884518597831,,,
5,2.78614450634731,,,
5,0.961978451982417,,,
5,-2.3241139937651,,,
5,-1.77717472606905,,,
5,-0.566688969910054,,,
5,-0.541438603422761,,,
5,2.37456170671638,,,
5,-0.0328739700562227,,,
5,-1.70845788855871,,,
5,0.19477121125638,,,
5,-0.275798161004111,,,
5,0.191809464488808,,,
5,0.190704651600352,,,
5,9.67976313048606,,,
5,-8.4787659621953,,,
5,0.187812580828361,,,
5,0.186876660171417,,,
5,0.960230671136123,,,
5,-0.582826291350094,,,
5,0.184566765309613,,,
5,0.183624272983285,,,
5,0.182684340969552,,,
5,0.181746935256417,,,
5,0.180812022085786,,,
5,0.179885932339861,,,
5,0.1790361601536,,,
5,-1.05911967031574,,,
5,0.949679828889879,,,
5,-0.59360646891725,,,
5,0.17389481052044,,,
5,4.2451075514252,,,
5,-2.16042804076245,,,
5,-1.44065635869837,,,
5,0.176303078310234,,,
5,3.65638756199563,,,
5,-3.1890822028997,,,
5,4.23153502556319,,,
5,-3.72614303019757,,,
5,0.172470939072335,,,
5,0.171744097103767,,,
5,4.27213707884922,,,
5,-3.76692303257009,,,
5,0.171840713815753,,,
5,2.43662468174095,,,
5,-3.46522289898155,,,
5,0.16705305983554,,,
5,0.166311799059939,,,
5,0.165572231765591,,,
5,0.164834336710069,,,
5,4.91434930367979,,,
5,-4.37145938004826,,,
5,11.0493470444337,,,
5,-9.64818796542282,,,
5,0.502661375946083,,,
5,-2.8526409578508,,,
5,0.162510987271452,,,
5,0.161689749710122,,,
5,8.93236836939452,,,
5,-5.38781569528549,,,
5,-2.50401651219595,,,
5,0.159192034602119,,,
5,0.158319249281137,,,
5,0.15744814560176,,,
5,-0.889996302572559,,,
5,10.0365191747803,,,
5,-8.83794753735836,,,
5,0.155062616889041,,,
5,3.40215713548149,,,
5,-2.9921407230729,,,
5,0.152740705680325,,,
5,0.151900214340621,,,
5,0.151083650403113,,,
5,0.150292133740772,,,
5,0.149523981781646,,,
5,0.148847631705466,,,
5,4.6057570037237,,,
5,-4.82535059241137,,,
5,5.74485509045834,,,
5,-5.15769231348456,,,
5,0.144348402103101,,,
5,0.143885111226514,,,
5,4.34923081878215,,,
5,-1.41572830251345,,,
5,-2.33781459706236,,,
5,2.95278338338989,,,
5,-2.55154025041762,,,
5,0.164641809771393,,,
5,1.14421996170561,,,
5,-3.92674483834687,,,
5,0.172615851837533,,,
5,0.172053616275144,,,
5,0.171492887255397,,,
5,0.170933651161419,,,
5,0.170375894468625,,,
5,0.169819603743763,,,
5,0.169269773930476,,,
5,0.16873286434328,,,
5,0.168197352694992,,,
5,0.16766322653539,,,
5,0.167130473496468,,,
5,0.16659908129099,,,
5,8.43065846782711,,,
5,-8.95603214849584,,,
5,0.162003234947105,,,
5,0.161483778420958,,,
5,0.160965556521199,,,
5,0.160473177832473,,,
5,0.159982827970693,,,
5,7.60956659114498,,,
5,-6.76176364465145,,,
5,0.17120029721006,,,
5,0.170645112919143,,,
5,7.44729988888305,,,
5,-6.61401591877026,,,
5,0.168988306356194,,,
5,0.16843890903925,,,
5,0.167890925760166,,,
5,0.167344343609479,,,
5,0.166799149762421,,,
5,0.166255331477711,,,
5,0.165720332914168,,,
5,3.07889917102715,,,
5,4.30551501336884,,,
5,-6.52312478750118,,,
5,0.171074514004854,,,
5,0.170545506048872,,,
5,-2.13209049114314,,,
5,0.165651831336918,,,
5,-3.11358273228508,,,
5,4.87438775665038,,,
5,0.685565572140886,,,
5,-4.84567148175409,,,
5,0.157580001363082,,,
5,7.47061620113853,,,
5,-6.65732888165005,,,
5,0.15721548057467,,,
5,0.156676079076675,,,
5,0.156137850606775,,,
5,-0.0736430938614319,,,
5,-1.07719823960181,,,
5,0.151960482798342,,,
5,2.09624462450613,,,
5,-1.7564263069982,,,
5,6.99439677770217,,,
5,-6.25491407441024,,,
5,0.149969272392132,,,
5,10.8769507520044,,,
5,-9.52949687893039,,,
5,0.158185787492642,,,
5,0.157780097393839,,,
5,0.157375412923586,,,
5,0.156971726537211,,,
5,0.156569030735291,,,
5,0.156167318063194,,,
5,0.15576658111082,,,
5,2.10005098975553,,,
7,0,,,
7,-0.212585105085703,,,
7,0.145227358470293,,,
7,0.629283490502796,,,
7,0.567654279562335,,,
7,0.0574418833327825,,,
7,-0.202071004534458,,,
7,2.22092690455237,,,
7,-1.72837192809337,,,
7,0.425604941276747,,,
7,0.0579801651819888,,,
7,2.39194066767817,,,
7,-2.60641020271554,,,
7,-0.0279740468067608,,,
7,-0.414789702943404,,,
7,-0.237252917108191,,,
7,3.81688633383526,,,
7,-3.37948102062252,,,
7,0.872688359990471,,,
7,-1.57348297734346,,,
7,0.366325004193166,,,
7,-0.815104593078171,,,
7,-0.374590336955054,,,
7,0.238059163186376,,,
7,0.235785721169006,,,
7,0.233521351318151,,,
7,1.49920230526864,,,
7,-1.46671740727377,,,
7,1.09595081032794,,,
7,0.032307170537417,,,
7,-0.434775188344143,,,
7,0.226675862935616,,,
7,1.59567403869275,,,
7,-1.12672253593701,,,
7,3.15120526834276,,,
7,-1.46564431223684,,,
7,0.838349009392333,,,
7,-4.89709310732658,,,
7,0.229011008115234,,,
7,0.900764393944262,,,
7,-0.482856116449505,,,
7,1.77511791641318,,,
7,-2.17231203777269,,,
7,0.987977675631574,,,
7,-1.62161678192313,,,
7,-2.19052455059023,,,
7,1.29816048128454,,,
7,-1.48815709701263,,,
7,1.60148666723564,,,
7,-0.857323345636735,,,
7,-0.543616118594275,,,
7,1.67956639993488,,,
7,-2.67258092933856,,,
7,1.37154212400764,,,
7,0.854764580378922,,,
7,-1.51668368833751,,,
7,1.83062973442227,,,
7,-1.3490483574591,,,
7,0.22789520392472,,,
7,1.03502696649509,,,
7,-0.578625108767478,,,
7,-1.96747056006523,,,
7,-0.813429530791729,,,
7,0.987377614402586,,,
7,-0.418169448637973,,,
7,3.26824234140051,,,
7,-4.3882338708643,,,
7,1.37405882416734,,,
7,-0.900557749714696,,,
7,0.228759366321614,,,
7,7.05122587560523,,,
7,-6.1529835693347,,,
7,0.233367118225984,,,
7,0.231126917482256,,,
7,-3.16754801875033,,,
7,0.22320925249998,,,
7,5.31430674602458,,,
7,-4.62721891228851,,,
7,3.80259976450516,,,
7,-3.24639868470717,,,
7,1.98902014469217,,,
7,-1.67925939207768,,,
7,0.219306652865772,,,
7,2.43333695429223,,,
7,-2.03531042885618,,,
7,1.33133404254725,,,
7,-0.391948779573945,,,
7,-0.90944848260104,,,
7,-2.73447464302233,,,
7,0.221588391751926,,,
7,1.8719124720644,,,
7,-1.40736672197868,,,
7,-0.400259409124541,,,
7,0.280459549423869,,,
7,-1.51104573401942,,,
7,-0.0721690771501987,,,
7,0.21298569979009,,,
7,0.211191022713004,,,
7,0.209402298378209,,,
7,0.207651645395018,,,
7,0.205913503458003,,,
7,0.204180864607605,,,
7,-1.26977195217659,,,
7,0.198845406861944,,,
7,4.22184365406467,,,
7,-3.67134721862761,,,
7,0.195891241110874,,,
7,-0.159362396063942,,,
7,2.71297214700043,,,
7,-4.14595310307901,,,
7,4.19083736668633,,,
7,-6.36229236748107,,,
7,-4.50845045156649,,,
7,0.178175292947308,,,
7,0.176771585486435,,,
7,3.46355023250849,,,
7,1.39515544462318,,,
7,-10.0546890361876,,,
7,0.170165450728098,,,
7,0.16874276576684,,,
7,0.167323027495068,,,
7,0.165906166619329,,,
7,1.81665029164461,,,
7,1.62273982495791,,,
7,-2.8750835231721,,,
7,0.162113625713581,,,
7,0.160688514813903,,,
7,0.15934527496867,,,
7,0.158025822641904,,,
7,0.15670868219202,,,
7,3.98054038618998,,,
7,-2.33391745215646,,,
7,2.49770326770292,,,
7,-3.32706644363274,,,
7,2.36421841156209,,,
7,-4.17843912256217,,,
7,3.33372460836735,,,
7,-2.90962171583863,,,
7,-0.106461534070981,,,
7,8.39145477043525,,,
7,-7.43507621485257,,,
7,9.25752727928245,,,
7,-8.67238893686954,,,
7,0.165802111744682,,,
7,0.164445037590126,,,
7,0.163090608631697,,,
7,0.161738761843634,,,
7,0.160389434563882,,,
7,5.72048141411035,,,
7,-5.10776994119599,,,
7,3.41860640334548,,,
7,0.509006802980217,,,
7,-3.52587734367354,,,
7,2.66244082710916,,,
7,-2.27507911299603,,,
7,0.161007599553332,,,
7,0.159544336193411,,,
7,6.84309180645166,,,
7,-6.10942224368621,,,
7,7.09987715534637,,,
7,-6.33985925075067,,,
7,-0.352288616788729,,,
7,0.15003832951911,,,
7,0.148710125336964,,,
7,0.147383846114812,,,
7,12.2459534650441,,,
7,-10.638840889779,,,
7,6.63595091262609,,,
7,-5.93508927446025,,,
7,0.151315344261845,,,
7,0.150125556068238,,,
7,7.17362822147841,,,
7,-6.40418890338717,,,
7,0.158147814457199,,,
7,9.48539994035113,,,
7,-8.37697267030012,,,
7,-1.36552502618531,,,
7,-0.0799966005855548,,,
7,0.148609564493846,,,
7,7.83791768623379,,,
7,-6.98333004869313,,,
7,7.84718717022074,,,
7,-3.94841313303936,,,
7,-2.991629395446,,,
7,0.163476177060241,,,
7,5.82257227418782,,,
7,-5.19655286919777,,,
7,-0.0491033462145695,,,
7,0.157550021385903,,,
7,0.156231944236598,,,
7,0.155048562188643,,,
7,0.153867185552104,,,
7,0.152709691425243,,,
7,5.71300406270124,,,
7,-5.1180153430126,,,
7,0.149281671038183,,,
7,0.148142517597427,,,
7,0.147005049717992,,,
7,6.19501681869699,,,
7,-5.55935590270661,,,
7,0.14366397123995,,,
7,0.142587030225991,,,
7,9.59227379215499,,,
7,-8.48305240499664,,,
7,0.150480081062538,,,
7,0.14929857380769,,,
7,0.148118844855883,,,
7,0.146940846634019,,,
7,0.145764531781021,,,
7,0.144589853141127,,,
7,7.16813865408798,,,
7,-6.42124217154656,,,
7,0.14130275279454,,,
7,0.140232189075426,,,
7,8.46787275720914,,,
7,-0.451037414915562,,,
7,-7.00410412961203,,,
7,-0.720014612172495,,,
7,0.133187141475629,,,
7,0.132163343498383,,,
7,0.131140555827842,,,
7,3.26800854176864,,,
7,4.5432083997121,,,
7,-7.01322938579732,,,
7,0.127058797223378,,,
7,0.126040528698751,,,
7,0.125083581687893,,,
7,0.12415497116112,,,
7,0.123227057191233,,,
7,2.94899550187156,,,
7,-5.70118695161967,,,
7,4.62779341219819,,,
7,-4.19778316900328,,,
7,0.116941648360391,,,
7,0.115916383622959,,,
7,0.114914880403101,,,
7,0.113913792816722,,,
7,0.11291308708884,,,
7,4.62235590583293,,,
7,-4.20463819763469,,,
2,0,,,
2,-0.0600228230420391,,,
2,0.790582869539934,,,
2,0.264925438786223,,,
2,-0.783756507501992,,,
2,1.40643626245104,,,
2,-1.49395493585916,,,
2,2.29487080966388,,,
2,1.73704022630443,,,
2,-2.40009981443778,,,
2,-1.20793103295791,,,
2,0.255809954192668,,,
2,1.14699766705208,,,
2,3.1626954772071,,,
2,-4.61059168086157,,,
2,0.239105237386519,,,
2,0.557131687506179,,,
2,-1.37423729086137,,,
2,6.22602090278972,,,
2,-2.19396292680699,,,
2,-5.20884460658588,,,
2,-0.32667424075751,,,
2,0.822240733570578,,,
2,0.153225555822435,,,
2,-1.1382252599485,,,
2,1.63501759499019,,,
2,-1.14696770434782,,,
2,0.234775461296535,,,
2,0.672845099732917,,,
2,-0.207699196820911,,,
2,0.669033301278734,,,
2,-0.211659215821079,,,
2,0.665092084614407,,,
2,-0.215648946936367,,,
2,3.31138952276583,,,
2,-1.77869948611836,,,
2,-0.886659441210747,,,
2,0.235535760346387,,,
2,0.233159628469584,,,
2,0.230806105046509,,,
2,1.6260124055835,,,
2,0.109007820001758,,,
2,-0.0814931914353467,,,
2,-0.720848505569571,,,
2,1.4534748537631,,,
2,-1.12221962869241,,,
2,3.99795461865757,,,
2,-3.87269228291311,,,
2,-0.745856290667769,,,
2,0.221107124428787,,,
2,0.218984879447284,,,
2,3.05852246301129,,,
2,-3.2407860717239,,,
2,-1.16613795474168,,,
2,0.218936553193902,,,
2,1.18234736203746,,,
2,0.0422745168674014,,,
2,-2.12451299322567,,,
2,1.36084369054357,,,
2,-0.894039178936439,,,
2,0.228705061285261,,,
2,1.92825882836897,,,
2,-0.182280161440474,,,
2,-1.30737160065027,,,
2,2.78643565620792,,,
2,-2.32932117263867,,,
2,0.21950728751258,,,
2,2.32273040212788,,,
2,3.86304658680653,,,
2,-5.27498879025628,,,
2,0.230788662535016,,,
2,0.228976064825124,,,
2,2.8867987422254,,,
2,-4.49628752999404,,,
2,-0.356433602531352,,,
2,-1.39013963334317,,,
2,1.92615880242208,,,
2,-1.45002873340681,,,
2,0.220975125324988,,,
2,2.06873523116891,,,
2,-1.59352283576977,,,
2,4.41599055432575,,,
2,-3.8075401142168,,,
2,3.15194361324819,,,
2,-2.63592530446502,,,
2,0.654129253597574,,,
2,-0.225487900333275,,,
2,3.19284848269571,,,
2,-4.32861205058995,,,
2,3.86415005697601,,,
2,-3.32233050043128,,,
2,2.53297444100569,,,
2,-4.82322219331936,,,
2,0.201100882369011,,,
2,0.199411177383903,,,
2,0.197726500650305,,,
2,-4.5188413860634,,,
2,7.1436594588597,,,
2,-6.31776007678348,,,
2,0.184231952274506,,,
2,0.18251716859982,,,
2,0.180882396434792,,,
2,0.179279444403057,,,
2,0.177680287274521,,,
2,3.50708960870189,,,
2,-3.04380264706155,,,
2,0.178241753533381,,,
2,4.19405375140743,,,
2,-3.67398965236304,,,
2,0.186689951272465,,,
2,3.84339034532039,,,
2,1.3581907158704,,,
2,-4.4642593738518,,,
2,0.18328136776311,,,
2,0.181872807105777,,,
2,4.24983479890838,,,
2,0.897177257675569,,,
2,-4.39923769724577,,,
2,0.191413170409606,,,
2,0.18993371176975,,,
2,0.188464592409813,,,
2,0.186999412783771,,,
2,2.03516866362199,,,
2,3.17100228089232,,,
2,-4.48090490276594,,,
2,0.181287152039286,,,
2,0.179873258937802,,,
2,0.178462795124653,,,
2,0.177074911277481,,,
2,3.02068555099301,,,
2,-2.58386978656343,,,
2,0.181006688949719,,,
2,2.58609307474523,,,
2,-3.1778329094043,,,
2,0.175390044383468,,,
2,0.174162207126107,,,
2,0.172937187541074,,,
2,0.171714932292854,,,
2,0.17049538840097,,,
2,2.39321438949314,,,
2,-5.1203326084423,,,
2,0.161217012689247,,,
2,0.160096296322644,,,
2,0.158977682730812,,,
2,0.157861128015749,,,
2,0.156746588520338,,,
2,0.155634020822354,,,
2,10.3644931821851,,,
2,-4.7901519668246,,,
2,-1.06760152244835,,,
2,-3.20593659228235,,,
2,0.154674951773276,,,
2,4.37867827552261,,,
2,-3.89857367694767,,,
2,0.154149291247816,,,
2,20.1564883137321,,,
2,-10.4278961837165,,,
2,-6.64027044224167,,,
2,0.158539305654827,,,
2,0.157234960034039,,,
2,0.155932871365281,,,
2,0.15463298176056,,,
2,0.153361467193179,,,
2,0.152141456234983,,,
2,0.150923381580267,,,
2,0.149720687258421,,,
2,0.148544562090321,,,
2,0.147370179934545,,,
2,0.146290784929057,,,
2,0.145242729155246,,,
2,0.144196155073698,,,
2,0.14315102485191,,,
2,0.142107300814426,,,
2,4.90273149437329,,,
2,-4.40521357419189,,,
2,0.138984191313886,,,
2,0.13794571824315,,,
2,7.66654186639486,,,
2,-6.86638305727344,,,
2,5.75529208284169,,,
2,-5.58205059616312,,,
2,0.132580820499046,,,
2,0.131740886176549,,,
2,0.130901829990769,,,
2,0.130063627310348,,,
2,0.129226253577884,,,
2,0.128389684307563,,,
2,10.9276146279006,,,
2,-9.62062302741764,,,
2,0.125884559440037,,,
2,0.125050964515423,,,
2,0.12426217257271,,,
2,5.07310223360177,,,
2,-4.5840047733485,,,
2,0.131438710641442,,,
2,5.08032407010027,,,
2,-4.57741043586879,,,
2,0.137998267256317,,,
2,0.137224254279069,,,
2,0.136453698500097,,,
2,5.18313939934623,,,
2,-4.66815773488883,,,
2,0.135911806365147,,,
2,9.28236722959354,,,
2,-8.24645766364525,,,
2,0.133393218629349,,,
2,0.132555571568077,,,
2,0.13171882451155,,,
2,0.130882952925786,,,
2,0.130047932352617,,,
2,-2.65887552951899,,,
2,0.12251843637899,,,
2,0.121715732019127,,,
2,0.120913604833418,,,
2,0.120112032420851,,,
2,0.119320884338814,,,
2,0.118555516450828,,,
2,0.117790629118837,,,
2,8.30045151207045,,,
2,-12.8980288843567,,,
2,0.122147841894432,,,
2,0.121361289379218,,,
2,0.12066081780517,,,
2,5.06960264243613,,,
2,-4.59211755412778,,,
2,0.123379250041772,,,
2,7.96971511654777,,,
2,-3.53543809474294,,,
2,-3.62214319774263,,,
2,0.128902721329303,,,
2,0.128165929168732,,,
2,0.127429857731511,,,
2,12.3725825808725,,,
2,-10.7660441223827,,,
2,0.14292087623651,,,
2,0.142010352666329,,,
2,6.85081972151522,,,
2,-6.14763040091146,,,
2,4.36445966069047,,,
2,-3.91275097154864,,,
4,0,,,
4,0.760045806684132,,,
4,1.1938468694651,,,
4,1.14999173984622,,,
4,-0.793215197293881,,,
4,1.30771079924472,,,
4,-2.13356050543952,,,
4,-0.126008849501805,,,
4,-2.42611832757259,,,
4,0.599461299563216,,,
4,0.747585452802615,,,
4,-0.936307513545352,,,
4,0.21643130017419,,,
4,-1.21965076430377,,,
4,0.829794068071802,,,
4,1.37452428681514,,,
4,0.764795169688597,,,
4,-2.00331418357494,,,
4,1.56122642500091,,,
4,-1.05157490312066,,,
4,1.60595780583232,,,
4,-0.311558307676829,,,
4,1.21207527051499,,,
4,-0.288014732357339,,,
4,0.894085019011369,,,
4,-0.785617631589292,,,
4,-0.823982960466692,,,
4,2.26187791997442,,,
4,0.228749758582795,,,
4,-0.832139992556224,,,
4,-0.56133247043753,,,
4,1.28505005028583,,,
4,-0.743599872465997,,,
4,0.262911139718252,,,
4,0.260310457914765,,,
4,0.257731513162202,,,
4,0.255164441625188,,,
4,0.252609001062895,,,
4,0.629300259782356,,,
4,-0.994421874638362,,,
4,3.16521541270673,,,
4,-2.57602934996969,,,
4,1.02501038815431,,,
4,0.583013154824674,,,
4,-0.945216088122285,,,
4,0.25513279818516,,,
4,1.16199074043245,,,
4,0.209033969105606,,,
4,0.735112235944649,,,
4,2.15062849643256,,,
4,-3.39717082890271,,,
4,3.63028821940388,,,
4,-3.00361986116111,,,
4,-0.914432872372632,,,
4,1.58479242072502,,,
4,-1.06032662268434,,,
4,0.249944958610431,,,
4,6.93903064456864,,,
4,-6.01190781184332,,,
4,-0.353004000508948,,,
4,0.254259830207993,,,
4,1.88846861914009,,,
4,-1.3610137568665,,,
4,0.246964785026189,,,
4,2.73721054363735,,,
4,-0.0651347880901649,,,
4,0.471676567545167,,,
4,1.89771430907767,,,
4,-3.71053522551406,,,
4,5.65531013923898,,,
4,-4.89265089517154,,,
4,-1.21332095151565,,,
4,0.239817184345834,,,
4,0.23769177713056,,,
4,0.235575002180465,,,
4,3.34367792725977,,,
4,-2.78494049213303,,,
4,0.22940450429807,,,
4,2.77793800444158,,,
4,-4.06702916991284,,,
4,1.15183773316529,,,
4,-0.81577043805014,,,
4,-1.88753186922773,,,
4,3.22955614924939,,,
4,-2.71154767834368,,,
4,0.2120758240905,,,
4,5.179068209508,,,
4,-4.51566887791009,,,
4,0.216092639476024,,,
4,3.2279203139289,,,
4,-2.71333860206991,,,
4,0.210464845771678,,,
4,6.92019364274753,,,
4,-6.06962831867221,,,
4,-4.81943901650709,,,
4,0.210046729038347,,,
4,3.87342973314839,,,
4,-0.31676793945325,,,
4,-5.69755470408587,,,
4,2.63078461464132,,,
4,-2.88750717046478,,,
4,0.205604616266123,,,
4,0.203963859922492,,,
4,2.7942365894386,,,
4,-2.3255786019759,,,
4,0.199251213315776,,,
4,0.197752960031229,,,
4,0.196270778997303,,,
4,3.51734894940224,,,
4,-4.06050940379186,,,
4,0.202817755934146,,,
4,0.201370794642569,,,
4,3.32231938748824,,,
4,-2.82559388744126,,,
4,1.71247597948457,,,
4,-1.28138949803445,,,
4,0.206265626096947,,,
4,5.04481102378841,,,
4,-4.40806555739169,,,
4,0.206968157932929,,,
4,6.63569625959414,,,
4,-5.82656280401577,,,
4,8.85823259599707,,,
4,-7.72889871071756,,,
4,0.226117755850992,,,
4,0.224309930550658,,,
4,0.222508809154129,,,
4,0.22071427209357,,,
4,3.41253938116468,,,
4,1.17974840941688,,,
4,-4.32566794099033,,,
4,0.223191273182128,,,
4,-0.32617773737052,,,
4,-3.31042449034925,,,
4,0.213005844982311,,,
4,0.21126428497245,,,
4,0.209528520515193,,,
4,0.207870298483761,,,
4,0.20625638068295,,,
4,4.36715563677231,,,
4,-5.90621736450613,,,
4,3.13115705627858,,,
4,5.34305627500587,,,
4,-7.37789511239152,,,
4,0.20658623906737,,,
4,4.91030038209827,,,
4,-4.28933094825776,,,
4,0.202880337036195,,,
4,0.201242326431196,,,
4,0.199609297571229,,,
4,5.5451229523614,,,
4,-4.87498925246192,,,
4,6.05661798513313,,,
4,-5.84520178895675,,,
4,5.26370305674822,,,
4,-1.65366446715498,,,
4,-4.71682800400058,,,
4,0.192948621356981,,,
4,-1.3393378104637,,,
4,0.187721675599171,,,
4,0.186227221180704,,,
4,-1.93090390936274,,,
4,-0.299590549492887,,,
4,4.06352645690568,,,
4,-3.56398948073529,,,
4,0.175035421189234,,,
4,0.173686032388059,,,
4,-0.0640455898198761,,,
4,0.170612295281787,,,
4,8.46648215719603,,,
4,-3.13336974263088,,,
4,-4.31203259376887,,,
4,2.33682581570837,,,
4,-3.17502587612029,,,
4,4.81254979043743,,,
4,-4.23507893450757,,,
4,0.187980847700641,,,
4,3.22888570544071,,,
4,-2.88821973408121,,,
4,1.92653905472191,,,
4,-5.5008996115361,,,
4,4.36353541243635,,,
4,-3.7965265507511,,,
4,0.198136591496888,,,
4,0.196676357452262,,,
4,0.195220414357141,,,
4,0.193771857316822,,,
4,0.19242831382771,,,
4,0.191091279787284,,,
4,0.189757985314051,,,
4,0.188428365845833,,,
4,0.187102357336559,,,
4,0.18577989624522,,,
4,5.25312188535695,,,
4,-4.64099621979037,,,
4,0.181833169428224,,,
4,0.180524272339423,,,
4,0.179228029555396,,,
4,0.177945958653447,,,
4,-1.84723892536235,,,
4,0.172134221137403,,,
4,0.17087057096691,,,
4,0.16964614118578,,,
4,0.168424345618498,,,
4,0.167205131673553,,,
4,0.165988447089293,,,
4,-5.46346509399956,,,
4,0.153522757362527,,,
4,6.20073350901368,,,
4,2.27159037152672,,,
4,-7.51147322417114,,,
4,0.148883107722483,,,
4,7.64171358994026,,,
4,-7.72789477902913,,,
4,0.147285097310705,,,
4,0.146199457782477,,,
4,0.145115373564338,,,
4,0.144032804206202,,,
4,0.143001658143301,,,
4,5.71598818710995,,,
4,-5.13868994925226,,,
4,0.140009736000922,,,
4,9.60430227599332,,,
4,-8.48677819020177,,,
4,0.15899229324265,,,
4,-4.5640080004188,,,
4,0.148129508775371,,,
4,0.147124379383364,,,
4,0.146120749607426,,,
4,0.145118584333728,,,
4,0.144132938716121,,,
4,-1.67373939629577,,,
4,6.98538937967336,,,
4,-6.27012662107989,,,
4,0.136909732346764,,,
4,0.136006937380935,,,
4,0.135105191092446,,,
4,6.1067090483785,,,
4,-0.0392732171734272,,,
4,-5.34036106511421,,,
6,0,,,
6,0.445456039921521,,,
6,-0.531098831893356,,,
6,0.0967542344974249,,,
6,1.2550532290145,,,
6,-0.258764074818929,,,
6,0.694735505801632,,,
6,-0.187642769081288,,,
6,-0.0441558062791939,,,
6,-1.35249476094528,,,
6,1.15493886624503,,,
6,0.0128447459828243,,,
6,-0.0839371231611465,,,
6,3.11334948911788,,,
6,-2.88305163685765,,,
6,-0.895237242361959,,,
6,1.66786785373372,,,
6,-0.320054985088437,,,
6,0.123458706688724,,,
6,0.244666212790847,,,
6,-0.588018259745195,,,
6,-0.911089325360794,,,
6,0.141791601253176,,,
6,0.704024277036429,,,
6,2.82113509330856,,,
6,-3.00086065325517,,,
6,0.86672557521498,,,
6,3.43227853625134,,,
6,-3.68329273620399,,,
6,0.780202278480617,,,
6,2.87026244265782,,,
6,-2.27958977435877,,,
6,-0.589471323257125,,,
6,2.01906870112364,,,
6,-0.172608965334965,,,
6,-0.579911522323364,,,
6,-1.51665413144723,,,
6,-2.81529897951981,,,
6,-0.426214616628762,,,
6,2.36416710455551,,,
6,0.302496716464057,,,
6,-0.889334122169712,,,
6,-1.01057743155988,,,
6,1.4663029994116,,,
6,0.390053715150517,,,
6,0.673606786509208,,,
6,0.5215787222255,,,
6,0.972508342117602,,,
6,-2.79522559330012,,,
6,-0.355347323997801,,,
6,1.94130590499946,,,
6,-0.173391634740854,,,
6,0.702311686096476,,,
6,-1.58754132053621,,,
6,0.21621860201672,,,
6,0.214747112903024,,,
6,0.844442795953081,,,
6,2.95777305471633,,,
6,-3.07232704217052,,,
6,0.840196410327596,,,
6,-0.419642841096759,,,
6,0.206091507202785,,,
6,0.204627223263001,,,
6,0.203167598586251,,,
6,1.480146617563,,,
6,-1.0541656436064,,,
6,2.80400161092548,,,
6,-0.888730469679307,,,
6,0.225245939459059,,,
6,-8.09035036918757,,,
6,3.65810807394532,,,
6,-3.14160500911702,,,
6,-0.404458764761514,,,
6,3.70425644896939,,,
6,-3.1889737732633,,,
6,3.89692879991258,,,
6,-0.769059174958179,,,
6,-1.17514937468849,,,
6,-1.05152358647049,,,
6,3.66965076016616,,,
6,-3.13363582042545,,,
6,3.88794673461563,,,
6,-3.33330364898975,,,
6,4.41008072423046,,,
6,-1.37837224087175,,,
6,0.776835904562469,,,
6,3.28086968553905,,,
6,-5.68545388788823,,,
6,0.225448877748532,,,
6,0.223518197255922,,,
6,-1.10568424103921,,,
6,0.218152549560374,,,
6,0.216254719051044,,,
6,0.214363443684225,,,
6,0.212478595017484,,,
6,0.210600045880496,,,
6,0.208727670344755,,,
6,3.90783581187375,,,
6,-3.36388979094488,,,
6,3.11265378013729,,,
6,-0.741384616747156,,,
6,-1.70287267378511,,,
6,0.197755272969749,,,
6,3.90486127153208,,,
6,-3.3717444887571,,,
6,0.202735994632904,,,
6,0.200986842492835,,,
6,0.199242962235734,,,
6,1.97214031257638,,,
6,-4.47913358089007,,,
6,0.199911153769572,,,
6,0.198157052534427,,,
6,0.196441339199839,,,
6,0.194774295335315,,,
6,4.75287696665136,,,
6,-4.16599571471336,,,
6,0.193194967118186,,,
6,0.191561393616087,,,
6,0.189932302903754,,,
6,3.86677150723248,,,
6,3.94460627696859,,,
6,-7.29396736199125,,,
6,0.182801147884862,,,
6,0.181227174520154,,,
6,2.76608897989713,,,
6,1.79252930435237,,,
6,-3.88672258806733,,,
6,3.4131759553093,,,
6,-2.94149417182753,,,
6,0.187307478574147,,,
6,0.185830792892632,,,
6,0.184398135674077,,,
6,0.183042630458048,,,
6,0.181690567908223,,,
6,0.180341882960647,,,
6,-1.28496216705012,,,
6,0.175345646108598,,,
6,0.173984790668598,,,
6,3.40411807608006,,,
6,-2.952065406215,,,
6,4.6002153642075,,,
6,-4.05746411871369,,,
6,0.177125511234187,,,
6,0.175797457746383,,,
6,0.174472482902746,,,
6,0.173150524924049,,,
6,0.171831522449023,,,
6,0.170531231180315,,,
6,0.169241466063559,,,
6,0.167987347063618,,,
6,0.166756064864742,,,
6,0.165527314862768,,,
6,4.58758883724237,,,
6,1.27636477127456,,,
6,-5.12845627794745,,,
6,0.160636584646246,,,
6,3.62009741205733,,,
6,-3.18649573054146,,,
6,3.38871687216181,,,
6,-2.96935429022748,,,
6,6.18871466449686,,,
6,-2.47960555251598,,,
6,-2.96804332522843,,,
6,4.40376709920738,,,
6,-3.90973495356338,,,
6,0.159129050460717,,,
6,3.61871428052174,,,
6,-3.17373242950553,,,
6,0.170020467637967,,,
6,0.168910886804789,,,
6,0.167803709515677,,,
6,0.166698891908885,,,
6,5.88576026726257,,,
6,-5.23129963916125,,,
6,2.6716775759186,,,
6,-3.35676586978512,,,
6,0.174890703179922,,,
6,0.173918582681028,,,
6,0.17297474096777,,,
6,0.172108851292366,,,
6,0.171245029044449,,,
6,0.170383245866939,,,
6,0.169523473590842,,,
6,0.168665684232072,,,
6,13.4123949729394,,,
6,-10.6330826981263,,,
6,-3.36141191886393,,,
6,0.185613150284378,,,
6,0.184687099842997,,,
6,0.18376360529555,,,
6,0.182842633553486,,,
6,0.168155830467384,,,
6,0.1809871899606,,,
6,0.180079161223006,,,
6,3.63979143402498,,,
6,-3.16201025042542,,,
6,0.181869609542517,,,
6,0.18088714209831,,,
6,0.179907236333493,,,
6,0.178929855944746,,,
6,0.177954964892484,,,
6,0.177015263443187,,,
6,0.176111080133267,,,
6,9.80152844793432,,,
6,-5.4492812117759,,,
6,0.370738271865219,,,
6,-3.35768347009225,,,
6,9.18533325806715,,,
6,-8.07862288195408,,,
6,0.186716868547151,,,
6,0.185557207265618,,,
6,0.184431335592962,,,
6,-1.01754206250052,,,
6,3.11526753092442,,,
6,-1.82389661253539,,,
6,-3.79187927968769,,,
6,0.176643593247601,,,
6,0.175587533456621,,,
6,0.174620649517581,,,
6,9.80001584299768,,,
6,-8.60822213709922,,,
6,5.39084431003862,,,
6,-4.78902739644875,,,
6,15.4322308342845,,,
6,-13.0488586524353,,,
6,0.191297661023505,,,
6,0.190260048361726,,,
6,0.189230043756231,,,
6,0.188217252541579,,,
6,0.153057691030253,,,
6,0.186150050410376,,,
6,0.1852267402502,,,
6,0.184305995883442,,,
6,5.64707733949168,,,
6,-4.9981636304468,,,
6,0.18155882907122,,,
6,0.18064802064009,,,
6,0.179739615603992,,,
6,0.178833582201719,,,
6,5.96847633678197,,,
8,0,,,
8,0.266522678279253,,,
8,0.535979625232691,,,
8,0.176466316125038,,,
8,1.76998000981474,,,
8,-1.57093325817101,,,
8,1.08827746885611,,,
8,1.47355226220583,,,
8,-0.296828347320054,,,
8,0.40281010713915,,,
8,-1.45196367835933,,,
8,-0.138909084403958,,,
8,0.529611278999772,,,
8,-0.627890618589544,,,
8,-2.73206328153649,,,
8,-0.700737329898904,,,
8,1.08682660109329,,,
8,-0.609874039556786,,,
8,1.35720016315934,,,
8,0.251644830278023,,,
8,-0.892090885256003,,,
8,-0.0536084305513041,,,
8,1.65281441129013,,,
8,-1.16714375985077,,,
8,2.71665978126998,,,
8,-1.26716783301785,,,
8,-2.90524892918099,,,
8,2.31422491267896,,,
8,-2.36610945148759,,,
8,0.234799300917916,,,
8,0.232051970273325,,,
8,0.229361913709494,,,
8,1.46736588760252,,,
8,0.0208667000845604,,,
8,-0.788138957767995,,,
8,0.807524207331638,,,
8,-3.3542675661629,,,
8,0.21780092423783,,,
8,0.215365455575455,,,
8,-0.879917930698032,,,
8,4.32966648436365,,,
8,-2.57775799718154,,,
8,-1.55542407538089,,,
8,2.71456550636782,,,
8,-3.04260234791681,,,
8,0.221646321586801,,,
8,-0.0714241142882259,,,
8,0.310853182540347,,,
8,-1.81704560552298,,,
8,3.96042705156971,,,
8,-1.84950540791646,,,
8,-1.64509247707923,,,
8,0.728870063434205,,,
8,0.658441992377259,,,
8,-1.92741853510289,,,
8,2.62296387809006,,,
8,-2.03873950083824,,,
8,-1.2737621393748,,,
8,0.213725961787539,,,
8,0.211257315982454,,,
8,-0.719582212585357,,,
8,0.205156346692396,,,
8,0.202727221971106,,,
8,-1.54323594636377,,,
8,2.51810642603589,,,
8,0.242617628139964,,,
8,2.02205828796622,,,
8,-0.731075775250227,,,
8,-2.96761892102333,,,
8,0.19752742009648,,,
8,3.51534075338866,,,
8,-3.01296162066011,,,
8,4.70414650481721,,,
8,-2.93330934265859,,,
8,-4.44075018022713,,,
8,0.195539264301903,,,
8,0.0841876393992551,,,
8,1.97140385337797,,,
8,-1.55995395012169,,,
8,0.187140330114055,,,
8,2.44836657788784,,,
8,-3.16623757664527,,,
8,0.188531682762877,,,
8,2.53345856337137,,,
8,-0.368751496439422,,,
8,-5.04053209279027,,,
8,2.29129675828474,,,
8,-1.88378497193549,,,
8,3.69303564394847,,,
8,-3.20351710729987,,,
8,0.189145309363967,,,
8,0.187154137890247,,,
8,0.185168053856545,,,
8,0.183231325368498,,,
8,0.18131163254287,,,
8,0.179396514205105,,,
8,0.177485846648664,,,
8,-1.27538889641834,,,
8,0.171529692965206,,,
8,0.169775066031275,,,
8,0.168046519066999,,,
8,0.166433483763535,,,
8,0.164886170771744,,,
8,-1.20617718738447,,,
8,0.159476389293581,,,
8,0.158006902089205,,,
8,0.156539941331174,,,
8,7.87218579076484,,,
8,-1.44099559636068,,,
8,-5.44596715953192,,,
8,7.294178309723,,,
8,-6.45444592525342,,,
8,0.182152248143093,,,
8,0.180514253097095,,,
8,0.852580463793416,,,
8,-0.00666159009786811,,,
8,1.17048075479167,,,
8,-3.58928750314001,,,
8,-1.47843043304419,,,
8,0.173344290922387,,,
8,0.171770673076152,,,
8,0.170236411434506,,,
8,0.168757415424964,,,
8,0.167335515497971,,,
8,0.165916497238314,,,
8,0.164500291580437,,,
8,0.163086829873362,,,
8,3.55055428903895,,,
8,1.42697009604476,,,
8,-4.39816492422721,,,
8,-0.628432882875378,,,
8,0.156603426382493,,,
8,3.61636091793046,,,
8,-3.18800016084133,,,
8,0.155911875627726,,,
8,4.52138495051067,,,
8,-4.30248451250426,,,
8,0.158732430864621,,,
8,-3.57843449427977,,,
8,-0.619197464313911,,,
8,4.11748836146087,,,
8,-3.66651530146298,,,
8,0.151342668600512,,,
8,0.150194521492276,,,
8,0.149077608552233,,,
8,0.148031815549702,,,
8,4.81794098478237,,,
8,-4.31257030363169,,,
8,5.30921947962291,,,
8,-4.7469162304983,,,
8,6.26664798137921,,,
8,-5.58767716597767,,,
8,0.16709304124228,,,
8,4.033825381712,,,
8,-3.54739765719217,,,
8,-0.293453701908861,,,
8,4.79355780675342,,,
8,-6.14647524902184,,,
8,0.167703311558685,,,
8,4.94306375414288,,,
8,-1.63155474228018,,,
8,-2.64742080194659,,,
8,12.7441314104804,,,
8,-11.0010806847293,,,
8,0.172533313520071,,,
8,0.171423626783599,,,
8,0.170316433767195,,,
8,7.85608194690353,,,
8,-6.96496707438887,,,
8,0.17198781631968,,,
8,-3.53603087073528,,,
8,0.163275691152413,,,
8,4.83290129550558,,,
8,-4.30159401695981,,,
8,0.159603216624919,,,
8,0.158383596213713,,,
8,0.157277083165062,,,
8,0.156306607968379,,,
8,0.155351703026297,,,
8,0.154398503752019,,,
8,0.153446977702809,,,
8,0.152497092603394,,,
8,0.151548816342155,,,
8,0.15060211696788,,,
8,-0.884967057822001,,,
8,0.146786143979981,,,
8,0.145946277766721,,,
8,0.145107695787958,,,
8,0.144270372840809,,,
8,0.143434283833027,,,
8,0.142605574743589,,,
8,0.14181790741248,,,
8,0.141031357621268,,,
8,0.140245903121258,,,
8,0.13946152175422,,,
8,0.138678191450002,,,
8,0.137895890224795,,,
8,0.137114596178993,,,
8,0.136382752580707,,,
8,-2.60947351693458,,,
8,12.8970826926971,,,
8,-11.180014810285,,,
8,0.141354850890318,,,
8,0.140636822220359,,,
8,7.2642458032911,,,
8,0.517369921017176,,,
8,-6.86079782475602,,,
8,0.139157332112093,,,
8,7.82524823605383,,,
8,-7.00054691320434,,,
8,0.13686618256523,,,
8,0.136111731684147,,,
8,4.87838570246321,,,
8,-4.39364565812152,,,
8,0.133853924442495,,,
8,9.52381418725463,,,
8,-8.45220673111034,,,
8,0.131604010010503,,,
8,0.130855698622035,,,
8,-6.16658946276487,,,
8,0.115673898264278,,,
8,0.114883291872327,,,
8,0.114093071658212,,,
8,5.53449318680078,,,
8,-1.36072327223518,,,
8,-3.61194156553084,,,
8,0.111251014098591,,,
8,0.110557353844633,,,
8,0.109863961144034,,,
8,6.21668085431817,,,
8,-5.64748604832069,,,
8,0.107785218774371,,,
8,0.107092726776169,,,
8,0.106400417648516,,,
8,0.105708274493907,,,
8,0.105016280425009,,,
8,6.02542446432618,,,
8,-5.48647170112719,,,
8,0.102941023984108,,,
8,0.102249457542244,,,